"대학명","학제별","설립별","지역별","교외장학금 소계(원)","교외장학금 국가","교외장학금 지방자치단체","교외장학금 사설및기타","교내장학금 소계(원)","교내장학금 성적우수장학금","교내장학금 저소득층장학금","교내장학금 근로장학금","교내장학금 교직원장학금","교내장학금 기타","총계(원)"
"강릉원주대학교","대학","국공립","강원","17317232845","16552772900","168818750","595641195","6484552660","3579442150","1374098800","467934820","","1063076890","23801785505"
"강원대학교","대학","국공립","강원","39111149954","34528654459","2590204560","1992290935","13683601210","5482608740","2364854090","3125619790","","2710518590","52794751164"
"경남과학기술대학교","대학","국공립","경남","10183218410","9908660200","7628680","266929530","3178602710","1932711210","162331440","211164080","","872395980","13361821120"
"경북대학교","대학","국공립","대구","42162949470","38805556520","79932320","3277460630","16145190460","8117223720","3647004230","1678977730","","2701984780","58308139930"
"경상대학교","대학","국공립","경남","28125376648","27014417538","151706530","959252580","9402429840","3964548000","1931505720","2109271120","","1397105000","37527806488"
"경인교육대학교","대학","국공립","인천","3880369220","3391857900","112981080","375530240","2213280290","613943500","430821500","463891440","","704623850","6093649510"
"공주교육대학교","대학","국공립","충남","2089189290","2032375250","29118040","27696000","1054027590","423015000","61412000","212777590","","356823000","3143216880"
"공주대학교","대학","국공립","충남","24977146417","24119720497","201606570","655819350","8550924580","3207244500","2337891990","1305293140","","1700494950","33528070997"
"광주과학기술원","대학","국공립","광주","436922360","436922360","","","3796673230","160573500","120510000","17074730","","3498515000","4233595590"
"광주교육대학교","대학","국공립","광주","3387724150","2806721990","472058160","108944000","1145905220","220850000","141249500","368530050","","415275670","4533629370"
"군산대학교","대학","국공립","전북","14781380700","14155980570","252465970","372934160","4499394190","2476389980","705359700","172802760","","1144841750","19280774890"
"금오공과대학교","대학","국공립","경북","12273243020","11695939530","47670990","529632500","3406991390","1370512340","1188021200","384504050","","463953800","15680234410"
"대구경북과학기술원","대학","국공립","대구","116973960","114573960","","2400000","2138527040","52000000","74400000","47544540","","1964582500","2255501000"
"대구교육대학교","대학","국공립","대구","2621694160","2270593300","77099000","274001860","1099526270","349067000","330143500","236044770","","184271000","3721220430"
"목포대학교","대학","국공립","전남","16768491190","16203196380","230268810","335026000","4668487930","1625032990","692709830","910364830","","1440380280","21436979120"
"목포해양대학교","대학","국공립","전남","4874968280","4389504280","22500000","462964000","1213700200","791683500","80388000","123911200","","217717500","6088668480"
"부경대학교","대학","국공립","부산","31719000410","30005260330","75633150","1638106930","10220745720","2902413550","3243827570","1854450710","","2220053890","41939746130"
"부산교육대학교","대학","국공립","부산","2489062390","1951727410","317582500","219752480","1020259910","433690000","94734000","238011240","","253824670","3509322300"
"부산대학교","대학","국공립","부산","40413874760","36935851570","861881940","2616141250","15778049810","7104371180","4335625390","1648038300","","2690014940","56191924570"
"서울과학기술대학교","대학","국공립","서울","20030140085","19078198110","59345740","892596235","11940776960","2472282600","1891027940","2444319470","","5133146950","31970917045"
"서울교육대학교","대학","국공립","서울","1745980280","1591447000","13864500","140668780","1082326940","264586000","184857500","284020440","","348863000","2828307220"
"서울대학교","대학","국공립","서울","37454479450","20212158500","228194000","17014126950","14196861379","6911640000","2911005220","3562417810","","811798349","51651340829"
"서울시립대학교","대학","국공립","서울","9812732655","8949635805","21145910","841950940","5022572974","1349497180","725942250","1852131425","","1095002119","14835305629"
"순천대학교","대학","국공립","전남","14446626930","14075509880","66203400","304913650","4659677010","2192590000","1272277500","308498490","","886311020","19106303940"
"안동대학교","대학","국공립","경북","13597573470","13022859570","96959020","477754880","3806592020","2202820800","909065870","309806830","","384898520","17404165490"
"울산과학기술원","대학","국공립","울산","4247645020","4021004060","570960","226070000","8184279914","5541549000","153112800","124113720","","2365504394","12431924934"
"인천대학교","대학","국공립","인천","25006262619","24086356982","82798470","837107167","11299633352","4267900334","2404695961","2195937650","","2431099407","36305895971"
"전남대학교","대학","국공립","광주","36108999410","34194429910","31609780","1882959720","12562402184","6385075180","3454478500","653694790","","2069153714","48671401594"
"전북대학교","대학","국공립","전북","34089430415","32045578055","346541170","1697311190","13019097600","4602297000","3174072885","1317205235","","3925522480","47108528015"
"전주교육대학교","대학","국공립","전북","1398340260","1246299260","83585560","68455440","519971680","234617000","158773500","20449180","","106132000","1918311940"
"제주대학교","대학","국공립","제주","21737403930","17743928720","2835573220","1157901990","5879455440","1687331500","1822585450","1156783890","","1212754600","27616859370"
"진주교육대학교","대학","국공립","경남","2198325660","2083650260","","114675400","1068953090","269765600","228719300","75392190","","495076000","3267278750"
"창원대학교","대학","국공립","경남","14193847550","13746612000","17882800","429352750","5912631570","2127119600","1253544200","989466500","","1542501270","20106479120"
"청주교육대학교","대학","국공립","충북","1432292260","1230273360","1526400","200492500","884452700","349180000","230977500","95565200","","208730000","2316744960"
"춘천교육대학교","대학","국공립","강원","1990015000","1959839000","","30176000","643206650","299440000","129030000","74376650","","140360000","2633221650"
"충남대학교","대학","국공립","대전","28664194180","27086412300","114235560","1463546320","13243424400","5249091200","3657379760","1323480590","","3013472850","41907618580"
"충북대학교","대학","국공립","충북","24718482480","23611050020","78592460","1028840000","12137334950","4604371600","2404421710","2572360580","11000000","2545181060","36855817430"
"한경대학교","대학","국공립","경기","9824727567","9647937797","9360690","167429080","4218892750","1770672730","521248310","918581190","","1008390520","14043620317"
"한국과학기술원","대학","국공립","대전","5984739680","5819994420","","164745260","21075699130","3993579860","89440000","121624000","","16871055270","27060438810"
"한국교원대학교","대학","국공립","충북","3516110550","3381108030","9040520","125962000","1894177550","292417000","616712000","840893050","","144155500","5410288100"
"한국교통대학교","대학","국공립","충북","16795873920","16471940850","32605570","291327500","6466215880","3747439720","485785000","1098362510","","1134628650","23262089800"
"한국방송통신대학교","대학","국공립","서울","11070473561","10615911981","4424600","450136980","8974938200","4325323340","596302650","885692850","","3167619360","20045411761"
"한국예술종합학교","대학","국공립","서울","3799721930","3433437430","7500000","358784500","1444585250","907915000","13124000","354019250","","169527000","5244307180"
"한국전통문화대학교","대학","국공립","충남","721953020","710953020","","11000000","555057080","417669200","2717600","50094780","","84575500","1277010100"
"한국체육대학교","대학","국공립","서울","4540956800","4410344300","17538000","113074500","2355699220","1757115500","416137500","52446220","","130000000","6896656020"
"한국해양대학교","대학","국공립","부산","12368927919","11060745359","108784560","1199398000","3147280070","1789968530","662998850","445219490","","249093200","15516207989"
"한밭대학교","대학","국공립","대전","16305201750","15886816510","18337880","400047360","5858197684","2606040964","1127458480","1272636270","","852061970","22163399434"
"가야대학교","대학","사립","경남","5382421810","5331832690","2877120","47712000","3541938713","817898500","855780250","209880540","42156000","1616223423","8924360523"
"가천대학교","대학","사립","경기","29927135964","29291787944","83883860","551464160","29340649932","6605712600","7650665550","1309865913","156250700","13618155169","59267785896"
"가톨릭관동대학교","대학","사립","강원","17109370751","16072595744","532829027","503945980","8220518323","3059333920","1176971050","516734820","219503000","3247975533","25329889074"
"가톨릭대학교","대학","사립","경기","14530307840","13561538920","81604580","887164340","10152513005","3905480780","3807529550","423265900","76686000","1939550775","24682820845"
"감리교신학대학교","대학","사립","서울","2351182648","2137765580","35820000","177597068","564291870","265735800","126258000","60188870","9329000","102780200","2915474518"
"강남대학교","대학","사립","경기","12786666000","12532476600","13394400","240795000","7656190900","2505563700","2678457490","411213910","79386800","1981569000","20442856900"
"건국대학교","대학","사립","서울","25880132980","23090101980","275255956","2514775044","22726382231","6870337385","10072037570","822509855","143076200","4818421221","48606515211"
"건국대학교(글로컬)","대학","사립","충북","15182550474","14876567404","68449590","237533480","11008538123","3476620220","2473742860","579955006","197001400","4281218637","26191088597"
"건양대학교","대학","사립","충남","16012936660","15244241270","21817600","746877790","9833705000","4816816490","2304926400","238039330","52427000","2421495780","25846641660"
"건양사이버대학교","대학","사립","대전","6421060252","6421060252","","","1293852610","152837500","4000000","14638110","16975000","1105402000","7714912862"
"경기대학교","대학","사립","경기","27213612173","26644069200","119979210","449563763","19234437343","7092020960","5397755340","1345245750","47807500","5351607793","46448049516"
"경남대학교","대학","사립","경남","22259625322","21868941142","64084770","326599410","13454775279","5114964800","2421264205","848755934","214021600","4855768740","35714400601"
"경동대학교","대학","사립","강원","15156614650","14394831840","556855910","204926900","11367537597","921980900","2385024400","32500000","103400200","7924632097","26524152247"
"경성대학교","대학","사립","부산","25786319083","25104565893","53413290","628339900","14240219807","4600403002","4188918910","1086823104","77883000","4286191791","40026538890"
"경운대학교","대학","사립","경북","11309092257","11271381557","14010700","23700000","7362643474","870812000","826890533","259173850","26910000","5378857091","18671735731"
"경일대학교","대학","사립","경북","15025253373","14868560835","7816400","148876138","8402740866","2841126940","2144844950","541607300","63040000","2812121676","23427994239"
"경주대학교","대학","사립","경북","1714900540","1683700540","","31200000","1979029810","205938000","454146000","71059810","26003000","1221883000","3693930350"
"경희대학교","대학","사립","서울","43270402124","40063062249","307528540","2899811335","35635092906","8534046995","13143374850","1087790285","355120000","12514760776","78905495030"
"경희사이버대학교","대학","사립","서울","9518756210","9494378210","1030000","23348000","5094718516","337692500","25666667","9688680","70644000","4651026669","14613474726"
"계명대학교","대학","사립","대구","47180632183","46379962483","84765570","715904130","29513224153","9344505500","7463258300","1857605045","292853800","10555001508","76693856336"
"고려대학교","대학","사립","서울","35306424962","25888234704","417356040","9000834218","30720490017","1385055200","15637200586","3976024376","549216000","9172993855","66026914979"
"고려대학교(세종)","대학","사립","세종","11485887660","11123382740","37591720","324913200","10240961171","577473600","4770790190","1143627880","154115000","3594954501","21726848831"
"고려사이버대학교","대학","사립","서울","5291797580","5253855580","768000","37174000","1993240720","382320000","112176000","2782820","36468000","1459493900","7285038300"
"고신대학교","대학","사립","부산","10021937862","9553486292","23987750","444463820","4108731616","1349727500","633117720","436250465","101837000","1587798931","14130669478"
"광신대학교","대학","사립","광주","1619493900","1594983900","","24510000","474836250","17790000","36156600","31255250","","389634400","2094330150"
"광운대학교","대학","사립","서울","12814706560","12316219160","79857650","418629750","11045439894","3185622550","2950115460","1243808384","85040400","3580853100","23860146454"
"광주가톨릭대학교","대학","사립","전남","","","","","13000000","","","","","13000000","13000000"
"광주대학교","대학","사립","광주","17444769040","17235887650","42891390","165990000","8400208750","2435628480","2288831000","135631570","154621300","3385496400","25844977790"
"광주여자대학교","대학","사립","광주","10259005700","10006101740","20806000","232097960","4523673000","1038630900","1398506945","382071535","6830000","1697633620","14782678700"
"국민대학교","대학","사립","서울","29777292987","26800560270","218460840","2758271877","19893944492","5027458910","4760230300","1659587895","61258800","8385408587","49671237479"
"국제사이버대학교","대학","사립","경기","5040492000","5040492000","","","1613684000","211189000","575716000","","145650000","681129000","6654176000"
"극동대학교","대학","사립","충북","7935744600","7819561840","7466560","108716200","5938355870","1624371700","1458896400","579865340","35894000","2239328430","13874100470"
"글로벌사이버대학교","대학","사립","충남","3150592420","3150592420","","","1226096730","7560000","5670000","2276730","6615000","1203975000","4376689150"
"금강대학교","대학","사립","충남","868396729","862896729","","5500000","2107513679","1618926000","","55298600","","433289079","2975910408"
"김천대학교","대학","사립","경북","6579370471","6454729331","6187440","118453700","4839557423","1356138533","1239832469","161757050","90189599","1991639772","11418927894"
"꽃동네대학교","대학","사립","충북","1386523633","1322447873","1553760","62522000","902897860","235780000","292538500","105264860","","269314500","2289421493"
"나사렛대학교","대학","사립","충남","13268445060","13032455540","49575120","186414400","6997786390","2955992500","1086087470","1187247940","79650000","1688808480","20266231450"
"남부대학교","대학","사립","광주","7917126260","7848006660","","69119600","3804479420","484592750","841311800","99481270","10682800","2368410800","11721605680"
"남서울대학교","대학","사립","충남","19815955840","19589548770","25452180","200954890","16514682200","5300308300","6823872490","310417010","162875850","3917208550","36330638040"
"단국대학교","대학","사립","경기","40021749733","38434400153","111987300","1475362280","29980188145","13467595190","5588247310","849876905","297473000","9776995740","70001937878"
"대구가톨릭대학교","대학","사립","경북","28201590965","27634095965","50828995","516666005","15366278259","3949182177","1243507750","3015626055","236463500","6921498777","43567869224"
"대구대학교","대학","사립","경북","42420705366","40433515726","309939650","1677249990","17645028400","7834052490","3519594905","1602039865","187337800","4502003340","60065733766"
"대구사이버대학교","대학","사립","경북","4549785250","4544552750","","5232500","988018850","130160000","2583000","5995600","26980000","822300250","5537804100"
"대구예술대학교","대학","사립","경북","2486171910","2433754950","1572960","50844000","1626086560","803866170","397086180","93948810","15620000","315565400","4112258470"
"대구한의대학교","대학","사립","경북","14505607727","13957970464","22581780","525055483","7922873748","1494233840","1012030240","805054121","93923000","4517632547","22428481475"
"대신대학교","대학","사립","경북","1564413860","1527570860","","36843000","410757550","43229500","96638330","37787720","16736000","216366000","1975171410"
"대전가톨릭대학교","대학","사립","세종","89579340","87743340","1836000","","168310000","","165310000","3000000","","","257889340"
"대전대학교","대학","사립","대전","19420602140","19160822480","19940720","239838940","12332995335","3236223500","3578523000","941267800","71213000","4505768035","31753597475"
"대전신학대학교","대학","사립","대전","531359600","507671100","","23688500","82055450","17062800","8738000","8076650","","48178000","613415050"
"대진대학교","대학","사립","경기","16876428870","16753332520","54564350","68532000","9883600046","2007847500","3283754000","330100260","128129500","4133768786","26760028916"
"덕성여자대학교","대학","사립","서울","10122012898","9589271201","221101317","311640380","6220931986","2680515084","1760706624","265338130","3019000","1511353148","16342944884"
"동국대학교","대학","사립","서울","23342673115","21376830270","136380156","1829462689","20179888395","3533014700","6657032450","2695236972","87186600","7207417673","43522561510"
"동국대학교(경주)","대학","사립","경북","15619484225","15167559807","59835854","392088564","11643836428","2736906000","2876307500","398886086","100048800","5531688042","27263320653"
"동덕여자대학교","대학","사립","서울","12093820426","11847895827","50881670","195042929","8962607020","3838480100","2378591830","939189040","14824000","1791522050","21056427446"
"동명대학교","대학","사립","부산","18843209300","18465441720","101411240","276356340","10266530807","2731034360","1816858490","687458220","191063800","4840115937","29109740107"
"동서대학교","대학","사립","부산","26304606077","25941791637","75392940","287421500","11377313720","3560798800","2324918800","982769740","89576400","4419249980","37681919797"
"동신대학교","대학","사립","전남","16420508349","16127894689","5400000","287213660","7625811836","1115383260","420474500","418767410","160904500","5510282166","24046320185"
"동아대학교","대학","사립","부산","39884061579","38669751729","151724560","1062585290","19698328827","8758077325","6481360452","1088072100","226152680","3144666270","59582390406"
"동양대학교","대학","사립","경북","8590442582","8460414842","34558740","95469000","4375643949","1354031250","1093905167","122502024","57842000","1747363508","12966086531"
"동의대학교","대학","사립","부산","34793281071","33584978851","60359120","1147943100","17423907960","6402048780","3590344740","1716618779","217167000","5497728661","52217189031"
"디지털서울문화예술대학교","대학","사립","서울","3782690500","3768248520","7421980","7020000","1771953710","134510000","113100000","17764000","13368000","1493211710","5554644210"
"루터대학교","대학","사립","경기","1093978680","1074002100","5251580","14725000","338046830","52562500","117850000","44270330","","123364000","1432025510"
"명지대학교","대학","사립","경기","27136303760","26555755070","147196299","433352391","17737730560","2985287000","3971311500","1273724030","100596000","9406812030","44874034320"
"목원대학교","대학","사립","대전","18186152021","17904776850","46178690","235196481","10672562645","2230567910","4922840630","484590930","160699500","2873863675","28858714666"
"목포가톨릭대학교","대학","사립","전남","1725787310","1571993310","7000000","146794000","525810880","397900220","45070000","8021860","","74818800","2251598190"
"배재대학교","대학","사립","대전","16557987590","16443683590","17577825","96726175","10555341182","2693876190","4145256386","612673882","109103500","2994431224","27113328772"
"백석대학교","대학","사립","충남","26290442824","25812347832","24386910","453708082","16036021328","4582813500","7133133168","191118810","178794000","3950161850","42326464152"
"부산가톨릭대학교","대학","사립","부산","10518494290","10332068820","12197970","174227500","4598782765","1435494830","1000313170","395667595","30320000","1736987170","15117277055"
"부산디지털대학교","대학","사립","부산","3785021030","3777721030","","7300000","700298320","53042500","19810000","9324420","630000","617491400","4485319350"
"부산외국어대학교","대학","사립","부산","16238611744","15767423304","23032940","448155500","8722071598","2371608500","1917603400","1071004910","63985000","3297869788","24960683342"
"부산장신대학교","대학","사립","경남","809146360","784493800","","24652560","366463462","32521000","106650000","36123562","16696000","174472900","1175609822"
"사이버한국외국어대학교","대학","사립","서울","5159299500","5151959500","","7340000","2774527836","149565000","48160000","","14310000","2562492836","7933827336"
"삼육대학교","대학","사립","서울","12835173747","12004628240","412735810","417809697","8106376015","1206246150","2496856250","1507926095","156966100","2738381420","20941549762"
"상명대학교","대학","사립","서울","22979377662","22502654802","66371902","410350958","18445892163","5948542979","6089487319","1069302415","174357600","5164201850","41425269825"
"상지대학교","대학","사립","강원","11528736200","11033606570","227928730","267200900","8049782054","2067514250","2378379860","123007300","207411000","3273469644","19578518254"
"서강대학교","대학","사립","서울","11629489672","9430116852","178046340","2021326480","10317281237","820256800","5860888755","1869557980","25110400","1741467302","21946770909"
"서경대학교","대학","사립","서울","10609977447","10446107247","68659200","95211000","8996919527","2384929499","3076181533","555530520","17922000","2962355975","19606896974"
"서울기독대학교","대학","사립","서울","1223089940","1208906740","4800000","9383200","884766660","177109400","217554200","285095960","","205007100","2107856600"
"서울디지털대학교","대학","사립","서울","7369836500","7364516500","4000000","1320000","4474965000","777059000","70767000","","10680000","3616459000","11844801500"
"서울사이버대학교","대학","사립","서울","10400272350","10376007750","9000000","15264600","6633873432","509600000","73557900","","8482500","6042233032","17034145782"
"서울신학대학교","대학","사립","경기","7201291748","7058754148","4700600","137837000","3099896288","366590500","1497153467","311472122","22373900","902306299","10301188036"
"서울여자대학교","대학","사립","서울","13796324589","12903218345","119157890","773948354","9243590533","2049337800","4946843769","605396875","7665800","1634346289","23039915122"
"서울장신대학교","대학","사립","경기","1652481740","1605004740","1900000","45577000","600979180","67864500","273249000","70338180","","189527500","2253460920"
"서울한영대학교","대학","사립","서울","2070039900","2012783900","16612000","40644000","550603280","83450550","189013000","57513470","","220626260","2620643180"
"서원대학교","대학","사립","충북","15572864140","15097944120","110478120","364441900","8292561220","2088131000","479072000","1140756030","117335200","4467266990","23865425360"
"선문대학교","대학","사립","충남","22907893859","19988303199","77887300","2841703360","12333165871","1582955600","3194732430","797378970","289532000","6468566871","35241059730"
"성결대학교","대학","사립","경기","10682393338","10562059418","33541720","86792200","6625167365","2512498523","798022000","892970840","29475000","2392201002","17307560703"
"성공회대학교","대학","사립","서울","4915361623","4823378713","17739610","74243300","2654200185","638995970","1259834410","191552805","18293800","545523200","7569561808"
"성균관대학교","대학","사립","서울","25995455056","22872078486","173044630","2950331940","39028783165","16100057470","10070822170","1777830442","10853000","11069220083","65024238221"
"성신여자대학교","대학","사립","서울","16782981906","16236239156","87004904","459737846","16350362581","6872639800","4554919474","735961060","14563600","4172278647","33133344487"
"세명대학교","대학","사립","충북","18364508950","17429566210","659122180","275820560","10091097380","2534290770","1080247750","486426200","99501500","5890631160","28455606330"
"세종대학교","대학","사립","서울","18655773340","18290017440","28846171","336909729","17511831470","2752089000","9355116000","1051105570","24945000","4328575900","36167604810"
"세종사이버대학교","대학","사립","서울","10903306050","10885130050","5400000","12776000","4400908499","109460000","","51412166","123560000","4116476333","15304214549"
"세한대학교","대학","사립","전남","8535208220","8265073020","6599900","263535300","3280048570","923221800","916949000","91038370","18188000","1330651400","11815256790"
"송원대학교","대학","사립","광주","7285221380","7211051380","","74170000","2962861320","762293750","86677600","139207610","44860000","1929822360","10248082700"
"수원가톨릭대학교","대학","사립","경기","477705900","255922400","","221783500","662884067","34149900","7600000","","","621134167","1140589967"
"수원대학교","대학","사립","경기","15774448640","15608528340","14758300","151162000","13411527160","4751377500","4879134000","470837920","8485000","3301692740","29185975800"
"숙명여자대학교","대학","사립","서울","16782754993","15263940333","125885199","1392929461","15687728271","8347375976","3510678994","899471710","35419400","2894782191","32470483264"
"순복음총회신학교","대학","사립","충북","640527500","640527500","","","194318160","3020000","","12048160","","179250000","834845660"
"순천향대학교","대학","사립","충남","24164362850","23354875030","38755580","770732240","16738885625","5633976170","4314019710","691196465","152041000","5947652280","40903248475"
"숭실대학교","대학","사립","서울","25173020420","22513613450","241840250","2417566720","15096908611","3869167500","3232929000","1339902450","101953000","6552956661","40269929031"
"숭실사이버대학교","대학","사립","서울","6759683167","6751223167","2000000","6460000","3976396333","206164000","37800000","50000","116830500","3615551833","10736079500"
"신경대학교","대학","사립","경기","549421240","485095740","26569500","37756000","627180970","159871160","52473850","38877910","4158000","371800050","1176602210"
"신라대학교","대학","사립","부산","19584101446","19112714766","98424000","372962680","9211812940","2175963260","1780047102","711887900","107050000","4436864678","28795914386"
"신한대학교","대학","사립","경기","14394971290","14246617790","64393500","83960000","9670167524","2134794640","2979952750","432293850","118637840","4004488444","24065138814"
"아세아연합신학대학교","대학","사립","경기","2245741830","2133505230","5778000","106458600","703311720","139645830","106424000","118326390","","338915500","2949053550"
"아주대학교","대학","사립","경기","17042494233","15664961098","51190420","1326342715","13182976698","3920095500","3270324840","1956408857","324910000","3711237501","30225470931"
"안양대학교","대학","사립","경기","9468915280","9344063480","24478800","100373000","6155535718","2810204950","802988999","854119619","23482000","1664740150","15624450998"
"연세대학교","대학","사립","서울","33617627475","26998049641","313066560","6306511274","29978395511","8654814153","10432740954","3447368420","940879000","6502592984","63596022986"
"연세대학교(원주)","대학","사립","강원","13525194000","12486494930","250711770","787987300","10215376750","2594828700","3146181080","1012757260","176885000","3284724710","23740570750"
"영남대학교","대학","사립","경북","45762068626","44648291976","41085175","1072691475","28049909110","14553572680","5755952150","953046320","395963300","6391374660","73811977736"
"영남신학대학교","대학","사립","경북","1533664747","1491686940","","41977807","628486510","24840000","87900000","35303010","6170000","474273500","2162151257"
"영산대학교","대학","사립","경남","13774763819","13566718979","116711240","91333600","7865390501","1077316840","2191322060","206994861","104922600","4284834140","21640154320"
"영산선학대학교","대학","사립","전남","37932070","","","37932070","65000000","","","","","65000000","102932070"
"예수대학교","대학","사립","전북","1541467460","1496317460","","45150000","570043450","196965100","201548000","25514850","","146015500","2111510910"
"예원예술대학교","대학","사립","전북","1850133940","1841086490","5500000","3547450","1639114000","290220500","515138000","","16820000","816935500","3489247940"
"용인대학교","대학","사립","경기","12971833750","12325305980","83111970","563415800","7992634935","2345524000","1392881000","276375910","163011000","3814843025","20964468685"
"우석대학교","대학","사립","전북","15372159458","15149997428","49807110","172354920","6741241100","1319637600","2507165390","209978220","198656650","2505803240","22113400558"
"우송대학교","대학","사립","대전","19592448485","19404096325","50963590","137388570","16386390551","7915611570","1494183640","3629920523","14502000","3332172818","35978839036"
"울산대학교","대학","사립","울산","21750181477","17635003102","18247300","4096931075","9677540429","4107731631","2199919670","1459564439","313397500","1596927189","31427721906"
"원광대학교","대학","사립","전북","32023102623","29859426965","405374760","1758300898","18489303428","4484620600","5396313816","715726490","563895200","7328747322","50512406051"
"원광디지털대학교","대학","사립","전북","6772382060","6762162060","","10220000","2585035640","147359500","337800500","10034640","21576000","2068265000","9357417700"
"위덕대학교","대학","사립","경북","7015597237","6744317687","165339550","105940000","4116837003","914126364","123654000","208528695","59861000","2810666944","11132434240"
"유원대학교","대학","사립","충북","8602326100","8486388660","10141440","105796000","5634728180","1085806000","185136000","141446040","42899300","4179440840","14237054280"
"을지대학교","대학","사립","대전","8105989527","7821312547","44043280","240633700","7849568290","3133353050","2693766500","513790040","12701500","1495957200","15955557817"
"이화여자대학교","대학","사립","서울","24870528338","21096117750","145344824","3629065764","25690017130","8120250590","11961090784","737394448","137153800","4734127508","50560545468"
"인제대학교","대학","사립","경남","19174683420","18681913820","38792900","453976700","11363994105","2675304700","4175068420","743900635","140175700","3629544650","30538677525"
"인천가톨릭대학교","대학","사립","인천","1420740790","1296755790","","123985000","978913850","261592000","98700000","52665150","","565956700","2399654640"
"인하대학교","대학","사립","인천","31864499892","28966829122","168779990","2728890780","20566277217","6741313700","6110443700","2581328690","118404200","5014786927","52430777109"
"장로회신학대학교","대학","사립","서울","2017738060","1812450260","49125600","156162200","543558820","120871430","94185600","66314760","","262187030","2561296880"
"전주대학교","대학","사립","전북","27136299810","25654230540","655601495","826467775","12009364930","1579120850","3176608550","1139499160","64446600","6049689770","39145664740"
"정석대학","대학","사립","서울","","","","","","","","","","",""
"제주국제대학교","대학","사립","제주","2879846830","2380700670","405379660","93766500","1542613760","183804000","307707820","37899620","47694000","965508320","4422460590"
"조선대학교","대학","사립","광주","41987697200","40959208610","176802670","851685920","22998623115","7510436290","5536598030","476013290","383801100","9091774405","64986320315"
"중부대학교","대학","사립","충남","17191632050","17084899540","21973560","84758950","10820540880","2661791500","2521544500","1663576480","144939000","3828689400","28012172930"
"중앙대학교","대학","사립","서울","39740559870","36101613420","221454796","3417491654","33546697483","11735850000","14567974845","1556598955","197725000","5488548683","73287257353"
"중앙승가대학교","대학","사립","경기","323993500","171039500","","152954000","1760000","","","","","1760000","325753500"
"중원대학교","대학","사립","충북","6305276800","6216258700","6000000","83018100","8006885870","1311323300","84534800","104127150","93608000","6413292620","14312162670"
"차의과학대학교","대학","사립","경기","4487692280","4379205080","10000000","98487200","3092119595","620277250","1035264910","145324345","","1291253090","7579811875"
"창신대학교","대학","사립","경남","4339400937","4266103897","6473240","66823800","2586768100","553554500","557850000","148809700","2780000","1323773900","6926169037"
"청운대학교","대학","사립","충남","15714756840","15603998980","8425760","102332100","8860599409","1703446200","1660271600","586093800","60897000","4849890809","24575356249"
"청주대학교","대학","사립","충북","17679079427","17342690017","39194410","297195000","17279867986","7247025000","5223580150","355969500","194763000","4258530336","34958947413"
"초당대학교","대학","사립","전남","7845855654","7581465070","6854840","257535744","3624212206","160837000","567325040","102408530","49601600","2744040036","11470067860"
"총신대학교","대학","사립","서울","4931297160","4423437760","31000000","476859400","1724698000","340116300","691649520","316789780","25742000","350400400","6655995160"
"추계예술대학교","대학","사립","서울","2129910250","2060011490","14092760","55806000","1526490300","815978000","513307000","77720800","","119484500","3656400550"
"침례신학대학교","대학","사립","대전","6000468852","5842242834","3425760","154800258","892260977","143062100","432736467","89055910","5960600","221445900","6892729829"
"칼빈대학교","대학","사립","경기","893022780","857232780","290000","35500000","843575320","50650000","30500000","77605620","8240000","676579700","1736598100"
"케이씨대학교","대학","사립","서울","3156601544","3058380683","26938160","71282701","1471500000","329125300","340306124","266217660","24994000","510856916","4628101544"
"평택대학교","대학","사립","경기","7951671297","7851833037","4170000","95668260","4938698517","1373570000","1305607000","317197280","61242000","1881082237","12890369814"
"포항공과대학교","대학","사립","경북","3747760313","3540999832","2297400","204463081","4036398700","67000000","108170800","959069100","","2902158800","7784159013"
"한국국제대학교","대학","사립","경남","4237651500","4201752980","14576520","21322000","2971345980","657579700","74605000","52262710","73996000","2112902570","7208997480"
"한국기술교육대학교","대학","사립","충남","7989371347","7837657020","8056220","143658107","5913800504","1872108030","404616643","1965874868","39191650","1632009313","13903171851"
"한국산업기술대학교","대학","사립","경기","15186430595","14503522667","31322600","651585328","10995723138","5568387203","2569302710","995110115","13850000","1849073110","26182153733"
"한국성서대학교","대학","사립","서울","3183419990","3079719990","45812500","57887500","1315695880","313741000","146496000","359569880","6352000","489537000","4499115870"
"한국열린사이버대학교","대학","사립","서울","7160641100","7159711100","744000","186000","2622178780","258060700","87997000","","64790000","2211331080","9782819880"
"한국외국어대학교","대학","사립","서울","26354432740","23650161275","336281245","2367990220","17337967439","5036421500","5902837575","676505384","139458500","5582744480","43692400179"
"한국항공대학교","대학","사립","경기","6643193283","6099294483","74117500","469781300","5858073852","2054346900","1705474510","787368282","28683600","1282200560","12501267135"
"한남대학교","대학","사립","대전","23788124580","23504746930","59874880","223502770","14890624692","4811161900","3238488866","1481230230","207153080","5152590616","38678749272"
"한동대학교","대학","사립","경북","10089546250","9214932880","24539320","850074050","4103691745","1004606350","962199900","964949675","36180000","1135755820","14193237995"
"한라대학교","대학","사립","강원","7744016620","7564864620","116775000","62377000","4515834533","1657241100","1012835680","102678310","52781000","1690298443","12259851153"
"한려대학교","대학","사립","전남","509317200","473309700","5162500","30845000","504659000","16570000","350621000","","","137468000","1013976200"
"한림대학교","대학","사립","강원","17055555025","16135075065","597344960","323135000","10948403760","4850802410","1284393450","673520950","","4139686950","28003958785"
"한서대학교","대학","사립","충남","14552367150","14297229430","37028520","218109200","11071052952","3726949500","3880274102","560064500","69149000","2834615850","25623420102"
"한성대학교","대학","사립","서울","12831931028","12590522208","15135320","226273500","8826641871","1808309380","1697260000","1917330102","36837200","3366905189","21658572899"
"한세대학교","대학","사립","경기","5558866400","5494400400","16178000","48288000","4029446000","1180795500","1479408000","234386000","1793000","1133063500","9588312400"
"한신대학교","대학","사립","경기","10972879120","10741893720","19142000","211843400","5619976880","1569760070","1444431500","729737060","101679000","1774369250","16592856000"
"한양대학교","대학","사립","서울","27925096583","23897291593","355518037","3672286953","25441477797","3452301050","7171923675","1254238200","158388200","13404626672","53366574380"
"한양대학교(ERICA)","대학","사립","경기","19814492042","18510529250","132643788","1171319004","13968638203","3203482900","4276057800","660748095","151422000","5676927408","33783130245"
"한양사이버대학교","대학","사립","서울","13915037448","13892455683","7141920","15439845","5831339020","379887500","29680000","1964860","9712000","5410094660","19746376468"
"한일장신대학교","대학","사립","전북","3347351860","3277915260","","69436600","952096940","140705000","116490000","56670940","18908000","619323000","4299448800"
"협성대학교","대학","사립","경기","9436636189","9284724750","24779380","127132059","6231980076","1862440500","2409485390","342254240","33087650","1584712296","15668616265"
"호남대학교","대학","사립","광주","15583913489","15314827169","45481120","223605200","7971376850","1324813700","2627076650","250716870","59680250","3709089380","23555290339"
"호남신학대학교","대학","사립","광주","1619767957","1581867227","","37900730","409173875","207618900","13526100","68473995","7733400","111821480","2028941832"
"호서대학교","대학","사립","충남","23157055230","21853440410","940188020","363426800","16814821668","5351040100","4420840110","1914687540","129691300","4998562618","39971876898"
"호원대학교","대학","사립","전북","13832101230","13726652650","64159780","41288800","8100037770","1906835000","1424094000","155170440","82214000","4531724330","21932139000"
"홍익대학교","대학","사립","서울","31308968382","30409304992","55902930","843760460","40658188814","19830824200","10829476930","4363029519","103756000","5531102165","71967157196"
"화신사이버대학교","대학","사립","부산","2447606320","2447606320","","","312352080","","1449000","10027380","5025000","295850700","2759958400"
"강원도립대학교","전문대학","국공립","강원","925052530","885339870","9751160","29961500","443681810","158793210","21866260","81156370","","181865970","1368734340"
"경남도립거창대학","전문대학","국공립","경남","1477225420","1452129020","3596400","21500000","650973100","171402000","20700000","93913230","","364957870","2128198520"
"경남도립남해대학","전문대학","국공립","경남","1503866270","1409161430","5432840","89272000","619668100","80880550","32622200","114512750","","391652600","2123534370"
"경북도립대학교","전문대학","국공립","경북","992891250","945937740","11430050","35523460","568460280","308394700","61862600","54481080","","143721900","1561351530"
"전남도립대학교","전문대학","국공립","전남","1457803890","1399180430","9691460","48932000","418253970","139176300","9211000","26152070","","243714600","1876057860"
"충남도립대학교","전문대학","국공립","충남","1575517180","1399690420","154725760","21101000","780281190","124888840","218198250","103718260","","333475840","2355798370"
"충북도립대학교","전문대학","국공립","충북","1228237690","1192374570","19363120","16500000","461344910","166800550","32000000","44268960","","218275400","1689582600"
"한국농수산대학","전문대학","국공립","전북","96712500","96712500","","","341540060","43200000","","190920000","","107420060","438252560"
"한국복지대학교","전문대학","국공립","경기","1667167965","1543691585","","123476380","354913370","184273320","25300000","61940200","","83399850","2022081335"
"ICT폴리텍대학","전문대학","사립","경기","345950000","224070000","1120000","120760000","71680000","26880000","44800000","","","","417630000"
"가톨릭상지대학교","전문대학","사립","경북","4977404404","4904006844","9338560","64059000","2105723940","410010300","98523200","24363590","33881000","1538945850","7083128344"
"강동대학교","전문대학","사립","충북","9594676687","9516651107","34512920","43512660","3162044730","380449800","1103743710","121115950","28693600","1528041670","12756721417"
"강릉영동대학교","전문대학","사립","강원","7629638554","7417449464","140820810","71368280","2401804730","647569660","223220920","144993890","39253600","1346766660","10031443284"
"강원관광대학교","전문대학","사립","강원","3533113514","3185822974","346290540","1000000","765285810","133587400","170773000","26783110","","434142300","4298399324"
"거제대학교","전문대학","사립","경남","2803371635","2682897690","3757840","116716105","1050358840","414810000","322199800","54759140","27988000","230601900","3853730475"
"경기과학기술대학교","전문대학","사립","경기","9975735940","9771253340","21769300","182713300","3896570133","765436020","1134835790","404990750","32800000","1558507573","13872306073"
"경남정보대학교","전문대학","사립","부산","19079481070","18875773673","26038560","177668837","5931029111","2220112257","845037094","331791080","36983000","2497105680","25010510181"
"경민대학교","전문대학","사립","경기","12373267000","12153495210","68351190","151420600","4288055170","521294200","432431200","668729320","7900000","2657700450","16661322170"
"경복대학교","전문대학","사립","경기","19361498729","19228346169","27171360","105981200","6611222263","1762877500","1922379220","247286125","18572000","2660107418","25972720992"
"경북과학대학교","전문대학","사립","경북","3663921420","3649771420","","14150000","1872103983","173086330","31270760","28308190","183648480","1455790223","5536025403"
"경북보건대학교","전문대학","사립","경북","3297455871","3264693060","","32762811","1206408740","659319500","218003440","110444540","","218641260","4503864611"
"경북전문대학교","전문대학","사립","경북","8179455560","8055855340","24575120","99025100","2921800480","861233000","28787040","57118070","34118000","1940544370","11101256040"
"경인여자대학교","전문대학","사립","인천","12741057570","12680252600","","60804970","4844868440","1008967800","328638300","1586145870","18068000","1903048470","17585926010"
"계명문화대학교","전문대학","사립","대구","16127193730","16033283850","20156280","73753600","5325112620","1063813130","1047026730","382123870","32101560","2800047330","21452306350"
"계원예술대학교","전문대학","사립","경기","6674264980","6435178900","128161000","110925080","3368294190","1125250000","1223500020","403450430","14217380","601876360","10042559170"
"고구려대학교","전문대학","사립","전남","5398490410","5341968410","","56522000","968537210","111679000","191254000","3060210","","662544000","6367027620"
"광양보건대학교","전문대학","사립","전남","244770020","241266240","3503780","","1764291110","132370000","1501273100","3601810","","127046200","2009061130"
"광주보건대학교","전문대학","사립","광주","10167819370","10106923370","","60896000","1960511860","966129670","717622770","43370720","16795300","216593400","12128331230"
"구미대학교","전문대학","사립","경북","15330569627","15176816027","85880800","67872800","8989192330","453571800","138706840","778102850","8650000","7610160840","24319761957"
"국제대학교","전문대학","사립","경기","9100151220","9011625140","3626080","84900000","3496680430","517859820","1002793550","513985950","66414640","1395626470","12596831650"
"군산간호대학교","전문대학","사립","전북","2916182688","2886582688","","29600000","1075000000","198670400","327982799","36188601","3100000","509058200","3991182688"
"군장대학교","전문대학","사립","전북","4925337520","4873531820","16305700","35500000","1647350464","87209400","33939600","26444130","88549400","1411207934","6572687984"
"기독간호대학교","전문대학","사립","광주","1529107730","1521107730","","8000000","402363150","195477400","62888000","18941350","10636000","114420400","1931470880"
"김포대학교","전문대학","사립","경기","8381599660","7918629570","11659090","451311000","3089749800","683562000","1248802000","43681920","18287000","1095416880","11471349460"
"김해대학교","전문대학","사립","경남","4115200360","4089608200","3992160","21600000","1272004150","284444900","43836000","93648450","","850074800","5387204510"
"농협대학교","전문대학","사립","경기","565729720","521406800","5882920","38440000","302134840","119922000","86833500","85603340","","9776000","867864560"
"대경대학교","전문대학","사립","경북","10448388997","10340398877","8322480","99667640","3460230525","394968430","18908600","138591400","52010900","2855751195","13908619522"
"대구공업대학교","전문대학","사립","대구","4500034650","4467608300","6346350","26080000","1714003155","530168200","48069700","136259265","13634480","985871510","6214037805"
"대구과학대학교","전문대학","사립","대구","13820018063","13765885113","719280","53413670","4887223807","690322880","291580030","356408020","22296640","3526616237","18707241870"
"대구보건대학교","전문대학","사립","대구","19733432916","19542579296","28406824","162446796","6402404041","2232261900","965867500","1121504940","51090587","2031679114","26135836957"
"대덕대학교","전문대학","사립","대전","10674735653","10614590533","13992920","46152200","3406865777","593693350","1435148150","221191217","35168700","1121664360","14081601430"
"대동대학교","전문대학","사립","부산","3676021657","3638271657","","37750000","1168003368","536737600","233654400","55931060","","341680308","4844025025"
"대림대학교","전문대학","사립","경기","16300125730","16032691560","19193500","248240670","6850166100","1973006830","2361193000","780023070","211622320","1524320880","23150291830"
"대원대학교","전문대학","사립","충북","6836488618","6581982268","187691390","66814960","2677818320","449111740","913131310","61943680","33159000","1220472590","9514306938"
"대전과학기술대학교","전문대학","사립","대전","12068979650","11919491210","19004210","130484230","3632711340","567673470","1306676680","168220720","27912800","1562227670","15701690990"
"대전보건대학교","전문대학","사립","대전","14658111355","14409713955","23510250","224887150","4778933065","1689053850","1076892500","821872920","33419410","1157694385","19437044420"
"동강대학교","전문대학","사립","광주","8150788913","8103088913","","47700000","1647423100","352721000","330639000","14442100","25826000","923795000","9798212013"
"동남보건대학교","전문대학","사립","경기","10857459567","10617865280","35575920","204018367","4413972970","1646967800","1490510740","136323430","48569600","1091601400","15271432537"
"동부산대학교","전문대학","사립","부산","1478752600","1476865600","","1887000","3035867816","314064000","10484000","2107540","20696260","2688516016","4514620416"
"동서울대학교","전문대학","사립","경기","13185356550","12885194810","31068240","269093500","5566451860","1567035800","2000000000","732624260","13457800","1253334000","18751808410"
"동아방송예술대학교","전문대학","사립","경기","7712721670","7608425110","42198560","62098000","2584475826","922405490","875463100","98531250","22261200","665814786","10297197496"
"동아보건대학교","전문대학","사립","전남","4197884160","4137544160","","60340000","843336840","109866000","217200000","80050340","20840000","415380500","5041221000"
"동양미래대학교","전문대학","사립","서울","15259260960","14962896200","116799560","179565200","5810000000","1478642500","1657490500","1532581000","55077500","1086208500","21069260960"
"동원과학기술대학교","전문대학","사립","경남","5975990770","5789728990","126719280","59542500","1939220520","225027300","360605000","72454670","49311000","1231822550","7915211290"
"동원대학교","전문대학","사립","경기","9789106601","9670976440","25869960","92260201","3007535950","667355620","304078240","360390380","51132500","1624579210","12796642551"
"동의과학대학교","전문대학","사립","부산","14999766748","14790148988","30692860","178924900","4134541552","708898500","534667120","107448470","40300900","2743226562","19134308300"
"동주대학교","전문대학","사립","부산","8352482095","8282923255","2642840","66916000","2290189620","829108000","254596800","53368040","14982000","1138134780","10642671715"
"두원공과대학교","전문대학","사립","경기","11095918637","10914501177","7955960","173461500","4746700005","1222834200","","184778630","84033000","3255054175","15842618642"
"마산대학교","전문대학","사립","경남","12615791910","12416010710","11141200","188640000","4771531250","1018626500","705939660","396070000","53845000","2597050090","17387323160"
"명지전문대학","전문대학","사립","서울","17712445597","17512369967","51696020","148379610","6707295120","693486220","2338853125","1094452095","60006490","2520497190","24419740717"
"목포과학대학교","전문대학","사립","전남","7624715260","7233328100","5260600","386126560","1256357045","231935940","168667820","61980260","59134450","734638575","8881072305"
"문경대학교","전문대학","사립","경북","2935594086","2599198126","5758520","330637440","682716700","159911300","269795520","40401220","14642000","197966660","3618310786"
"배화여자대학교","전문대학","사립","서울","7230311030","7062776410","27141920","140392700","2189043390","811340180","667971190","","981000","708751020","9419354420"
"백석문화대학교","전문대학","사립","충남","14036741410","13858345740","29902170","148493500","5286557930","1024441000","1623845540","236304440","186660000","2215306950","19323299340"
"백제예술대학교","전문대학","사립","전북","2713457847","2707884887","2572960","3000000","1037588080","372761380","442119900","56900000","","165806800","3751045927"
"부산경상대학교","전문대학","사립","부산","9866007780","9806259220","28248560","31500000","2553814730","122788500","409006200","112791030","101192000","1808037000","12419822510"
"부산과학기술대학교","전문대학","사립","부산","8794835059","8659906989","59233070","75695000","3580261010","902565700","323487800","119996910","9259000","2224951600","12375096069"
"부산여자대학교","전문대학","사립","부산","7123012930","7027313570","1438560","94260800","2375865640","306900000","635411800","235970310","11568000","1186015530","9498878570"
"부산예술대학교","전문대학","사립","부산","1908485802","1894947902","","13537900","574032088","88991200","66021700","27763088","2460000","388796100","2482517890"
"부천대학교","전문대학","사립","경기","22169528505","21999929735","49350970","120247800","8616719140","1891887450","2527956670","603027360","26827000","3567020660","30786247645"
"삼육보건대학교","전문대학","사립","서울","3046796835","2960937740","20316240","65542855","1263071825","447008040","148865080","234312685","11174000","421712020","4309868660"
"상지영서대학교","전문대학","사립","강원","6225895640","5813169100","365660540","47066000","1292725060","80537200","","41935860","14506400","1155745600","7518620700"
"서라벌대학교","전문대학","사립","경북","1804562954","1785216454","1500000","17846500","491579980","126902000","100210600","28655480","3308000","232503900","2296142934"
"서영대학교","전문대학","사립","광주","12488612159","12465136159","","23476000","3092482595","849375807","42707634","153686780","13259600","2033452774","15581094754"
"서울여자간호대학교","전문대학","사립","서울","1809019400","1743586400","16000000","49433000","914736360","287120560","228452000","38732880","4500000","355930920","2723755760"
"서울예술대학교","전문대학","사립","경기","6221707873","5994133673","59339900","168234300","3896269390","1015473850","1424103200","628807440","39193600","788691300","10117977263"
"서일대학교","전문대학","사립","서울","14968442640","14776044600","13391340","179006700","5605779015","2320328940","1837810380","579737285","26968270","840934140","20574221655"
"서정대학교","전문대학","사립","경기","14295948100","14200962030","29236370","65749700","5314488840","422825000","171655000","429795450","64189660","4226023730","19610436940"
"서해대학","전문대학","사립","전북","1478193950","1471393950","","6800000","510259950","36096000","23179000","13613840","25002000","412369110","1988453900"
"선린대학교","전문대학","사립","경북","6393022878","6345222878","","47800000","1897937610","420767700","580553900","75233110","11853000","809529900","8290960488"
"성운대학교","전문대학","사립","경북","3419240184","3412320904","","6919280","2386270220","27661200","","15437810","","2343171210","5805510404"
"세경대학교","전문대학","사립","강원","3582702170","2942223170","455479000","185000000","655450000","101727560","233041300","25745760","","294935380","4238152170"
"송곡대학교","전문대학","사립","강원","1888479500","1857497920","25181580","5800000","447575580","78264500","108227000","90506180","","170577900","2336055080"
"송호대학교","전문대학","사립","강원","2660017190","2539252050","104850860","15914280","883393153","157559250","","54163360","41706850","629963693","3543410343"
"수성대학교","전문대학","사립","대구","9396791220","9349504220","1200000","46087000","3032003170","631661340","151943000","73199700","34851980","2140347150","12428794390"
"수원과학대학교","전문대학","사립","경기","12729181343","12505020793","2641920","221518630","5392715510","1584913630","2003098320","218253300","17015260","1569435000","18121896853"
"수원여자대학교","전문대학","사립","경기","9470676864","9377358704","24689080","68629080","4347792133","1095850189","1847452654","487641730","5489080","911358480","13818468997"
"순천제일대학교","전문대학","사립","전남","6271934938","6227979438","","43955500","2067170240","341037200","154232200","58489090","89198000","1424213750","8339105178"
"숭의여자대학교","전문대학","사립","서울","8006798930","7893268930","39500000","74030000","3016793800","851253790","1082258410","547992240","","535289360","11023592730"
"신구대학교","전문대학","사립","경기","16281939240","15954958890","51465587","275514763","6270089706","1155226500","2670711400","653179930","64238500","1726733376","22552028946"
"신성대학교","전문대학","사립","충남","10069664340","9740704550","25838840","303120950","3558592780","567013600","1088738930","136143900","75574200","1691122150","13628257120"
"신안산대학교","전문대학","사립","경기","9576805490","9360387030","49823460","166595000","3508451710","1364096600","782627600","275665910","8674200","1077387400","13085257200"
"아주자동차대학","전문대학","사립","충남","2004257823","1976988193","3856880","23412750","949161290","265838900","152709310","183320980","","347292100","2953419113"
"안동과학대학교","전문대학","사립","경북","6790045410","6637152670","4557840","148334900","2650669279","784364050","38920600","87214129","41006000","1699164500","9440714689"
"안산대학교","전문대학","사립","경기","10888491260","10567060050","63810010","257621200","3766259174","1783427500","1104676350","35023860","6052500","837078964","14654750434"
"여주대학교","전문대학","사립","경기","12248071187","12009884936","12439640","225746611","4908163760","1245371150","1565978900","191743190","76992600","1828077920","17156234947"
"연성대학교","전문대학","사립","경기","15323170023","15022756873","51632250","248780900","5800000000","752148300","2207313400","599160400","37200000","2204177900","21123170023"
"연암공과대학교","전문대학","사립","경남","2555671119","2525686119","","29985000","1117794000","487081100","309985500","62194200","5470000","253063200","3673465119"
"연암대학교","전문대학","사립","충남","3054715860","2790729540","7586320","256400000","873426940","340498920","264123570","99865450","23860550","145078450","3928142800"
"영남외국어대학","전문대학","사립","경북","215421880","209636880","","5785000","1033432570","100035000","218880000","4968250","","709549320","1248854450"
"영남이공대학교","전문대학","사립","대구","15540191050","15363646150","28086900","148458000","6297371970","770166500","2357787070","925741700","13622000","2230054700","21837563020"
"영진사이버대학교","전문대학","사립","대구","5177000519","5168518000","","8482519","863148481","133770000","2214000","13200000","16780000","697184481","6040149000"
"영진전문대학교","전문대학","사립","대구","23419084560","23235895420","2157840","181031300","7732466335","2419150190","989751500","1707081775","47377340","2569105530","31151550895"
"오산대학교","전문대학","사립","경기","9456023310","9382220310","2730079","71072921","3992218390","2346677200","637079600","20855940","37922300","949683350","13448241700"
"용인송담대학교","전문대학","사립","경기","8638701410","8515177160","29330920","94193330","3195225795","910061480","793774560","355303675","84287870","1051798210","11833927205"
"우송정보대학","전문대학","사립","대전","12819392420","12669936880","35195540","114260000","3824016385","579839330","874893020","496982230","7218000","1865083805","16643408805"
"울산과학대학교","전문대학","사립","울산","10289266160","10179045970","14215560","96004630","4062402150","1329809340","1366340220","223555970","67068000","1075628620","14351668310"
"웅지세무대학교","전문대학","사립","경기","717026042","667039640","27460000","22526402","1043272400","124080000","645708640","48979800","10440000","214063960","1760298442"
"원광보건대학교","전문대학","사립","전북","13981746388","13870975788","24226100","86544500","3617199995","907379900","698057000","114138210","48065000","1849559885","17598946383"
"유한대학교","전문대학","사립","경기","12513054348","12276926508","1781260","234346580","3815670710","1611496920","1299501540","625980550","12828400","265863300","16328725058"
"인덕대학교","전문대학","사립","서울","15568751957","15285389207","80530850","202831900","4979854987","1371058350","2228015200","666712462","76481600","637587375","20548606944"
"인천재능대학교","전문대학","사립","인천","9674780831","9542416670","10962600","121401561","3152968840","754599240","1171342810","190295790","64924200","971806800","12827749671"
"인하공업전문대학","전문대학","사립","인천","17671993241","17335283701","20519540","316190000","7474135073","1270643520","1884329720","1682744610","59514760","2576902463","25146128314"
"장안대학교","전문대학","사립","경기","12432164940","12361769860","3734080","66661000","6236035235","1415872900","1565620100","130874990","23019000","3100648245","18668200175"
"전남과학대학교","전문대학","사립","전남","12943269063","12902019063","","41250000","2714111197","143123500","748482000","129724217","60996100","1631785380","15657380260"
"전북과학대학교","전문대학","사립","전북","5503875648","5481775648","","22100000","1812923620","202273900","61805800","67167270","111867500","1369809150","7316799268"
"전주기전대학","전문대학","사립","전북","5547766055","5475851450","8147920","63766685","1902141875","325050500","181569220","221438030","1530000","1172554125","7449907930"
"전주비전대학교","전문대학","사립","전북","10683553390","10405216670","1141920","277194800","2462290990","313722050","","66148860","70369300","2012050780","13145844380"
"제주관광대학교","전문대학","사립","제주","5630392614","5529340514","32415100","68637000","1410000000","240461980","3695700","62957230","10824200","1092060890","7040392614"
"제주한라대학교","전문대학","사립","제주","11487893980","11328651320","43614660","115628000","3132101274","970339570","141938160","333098700","94211840","1592513004","14619995254"
"조선간호대학교","전문대학","사립","광주","1473902490","1466902490","","7000000","450018560","185734600","167615800","3327760","","93340400","1923921050"
"조선이공대학교","전문대학","사립","광주","7672282668","7638643080","","33639588","2727124990","1542430940","63295880","41576730","14614940","1065206500","10399407658"
"진주보건대학교","전문대학","사립","경남","8078982450","7991281050","8701400","79000000","2477743742","286405600","747333620","61847570","37120400","1345036552","10556726192"
"창원문성대학교","전문대학","사립","경남","7651851990","7565774370","16294420","69783200","2427090450","709691300","12900000","87831230","21457200","1595210720","10078942440"
"청강문화산업대학교","전문대학","사립","경기","9124954875","9009496285","4808590","110650000","3952327310","1050953100","1173809300","346599470","2325600","1378639840","13077282185"
"청암대학교","전문대학","사립","전남","7083541920","7015041920","","68500000","2095753070","532056300","68065240","48135150","22191100","1425305280","9179294990"
"춘해보건대학교","전문대학","사립","울산","6457321080","6375412520","1438560","80470000","1849427450","848425050","520150350","92992010","4665500","383194540","8306748530"
"충북보건과학대학교","전문대학","사립","충북","6496791550","6360779150","13712400","122300000","2308147516","571138300","956499776","79746340","71415900","629347200","8804939066"
"충청대학교","전문대학","사립","충북","10930889616","10807711840","25800560","97377216","3609749360","779791100","1297843760","222140200","35751600","1274222700","14540638976"
"포항대학교","전문대학","사립","경북","5504562114","5353118114","36154420","115289580","1409569650","289623000","54235000","66006650","1557000","998148000","6914131764"
"한국골프대학교","전문대학","사립","강원","1057911000","995961000","60100000","1850000","920282000","80869000","14739000","10500000","","814174000","1978193000"
"한국관광대학교","전문대학","사립","경기","5114712014","5027482074","4318710","82911230","2085786784","298834727","586993400","89371250","15786260","1094801147","7200498798"
"한국복지사이버대학","전문대학","사립","경북","2209960250","2209960250","","","1447134000","78090000","25020000","","3980000","1340044000","3657094250"
"한국승강기대학교","전문대학","사립","경남","1770879410","1595773040","8441370","166665000","745612940","267652800","329237640","27086300","","121636200","2516492350"
"한국영상대학교","전문대학","사립","세종","9044607405","8950885225","5973980","87748200","2914904560","1181531900","259665610","275806390","14496900","1183403760","11959511965"
"한국폴리텍 I 대학 서울강서캠퍼스","전문대학","사립","서울","563946834","560746834","2000000","1200000","138411500","46378000","49500000","39220000","","3313500","702358334"
"한국폴리텍 I 대학 서울정수캠퍼스","전문대학","사립","서울","1491676834","1462232834","4000000","25444000","398465000","112265000","118078000","137101000","8513000","22508000","1890141834"
"한국폴리텍 I 대학 성남캠퍼스","전문대학","사립","경기","892847017","868585167","2699850","21562000","230339000","74945500","65541500","72570000","3595500","13686500","1123186017"
"한국폴리텍 I 대학 제주캠퍼스","전문대학","사립","제주","38981000","37381000","","1600000","12205500","5301500","4964000","1940000","","","51186500"
"한국폴리텍 II 대학 인천캠퍼스","전문대학","사립","인천","2254741568","2204217988","","50523580","611605496","173150000","182228000","180269996","10989000","64968500","2866347064"
"한국폴리텍 III 대학 강릉캠퍼스","전문대학","사립","강원","135087790","125662000","","9425790","36140500","5260500","13700000","11105500","","6074500","171228290"
"한국폴리텍 III 대학 원주캠퍼스","전문대학","사립","강원","74564500","58862500","","15702000","11866000","2568500","4312000","1085500","","3900000","86430500"
"한국폴리텍 III 대학 춘천캠퍼스","전문대학","사립","강원","340728930","319975250","","20753680","84617000","34511500","19242000","22570250","","8293250","425345930"
"한국폴리텍 IV 대학 대전캠퍼스","전문대학","사립","대전","1122577418","1100015418","","22562000","266976250","76109000","87470000","94800000","","8597250","1389553668"
"한국폴리텍 IV 대학 아산캠퍼스","전문대학","사립","충남","605006500","569844500","","35162000","147435500","52384000","44950000","39350000","1198500","9553000","752442000"
"한국폴리텍 IV 대학 청주캠퍼스","전문대학","사립","충북","841385250","825735250","","15650000","192352250","59470000","61240000","59490000","3595500","8556750","1033737500"
"한국폴리텍 IV 대학 홍성캠퍼스","전문대학","사립","충남","247894260","208985500","28008760","10900000","60695500","26507500","21988000","11700000","","500000","308589760"
"한국폴리텍 V 대학 광주캠퍼스","전문대학","사립","광주","1001416500","988516500","","12900000","225664000","65427500","55039000","90400000","1181000","13616500","1227080500"
"한국폴리텍 V 대학 김제캠퍼스","전문대학","사립","전북","673586320","641315000","","32271320","144968000","41778000","46703000","35598000","1160500","19728500","818554320"
"한국폴리텍 V 대학 목포캠퍼스","전문대학","사립","전남","273756000","238904000","","34852000","62289500","29676000","17910500","11550000","","3153000","336045500"
"한국폴리텍 V 대학 순천캠퍼스","전문대학","사립","전남","","","","","","","","","","",""
"한국폴리텍 V 대학 익산캠퍼스","전문대학","사립","전북","120307000","115313000","","4994000","27306000","15475500","8626500","3204000","","","147613000"
"한국폴리텍 VI 대학 구미캠퍼스","전문대학","사립","경북","583660750","571698750","","11962000","155197500","41615000","45912000","52800000","","14870500","738858250"
"한국폴리텍 VI 대학 대구캠퍼스","전문대학","사립","대구","877950010","862434250","1553760","13962000","230949500","67754500","61100000","90250000","2362000","9483000","1108899510"
"한국폴리텍 VI 대학 영남융합기술캠퍼스","전문대학","사립","대구","286292000","272981500","","13310500","54934500","20164500","21120000","13650000","","","341226500"
"한국폴리텍 VI 대학 영주캠퍼스","전문대학","사립","경북","43321500","36221500","1500000","5600000","14488000","6368000","4080000","4040000","","","57809500"
"한국폴리텍 VII 대학 부산캠퍼스","전문대학","사립","부산","1166490583","1139430083","3198500","23862000","284019500","74945500","84012350","103155900","1198500","20707250","1450510083"
"한국폴리텍 VII 대학 울산캠퍼스","전문대학","사립","울산","581889841","564470591","","17419250","213963000","64229000","52482500","81900000","2362000","12989500","795852841"
"한국폴리텍 VII 대학 창원캠퍼스","전문대학","사립","경남","1558276540","1507914540","","50362000","412512000","116613000","130190000","128332500","20199500","17177000","1970788540"
"한국폴리텍 특성화대학 바이오캠퍼스","전문대학","사립","충남","390949500","376249500","","14700000","122201000","41879000","39252000","25770000","11700000","3600000","513150500"
"한국폴리텍 특성화대학 반도체융합캠퍼스","전문대학","사립","경기","307030700","299330700","","7700000","86734800","33085500","23388800","22331000","7929500","","393765500"
"한국폴리텍 특성화대학 항공캠퍼스","전문대학","사립","경남","562457301","549957301","","12500000","150400380","44584500","48109750","20700000","2398500","34607630","712857681"
"한림성심대학교","전문대학","사립","강원","8610641630","8374756880","165044750","70840000","2762563000","885913460","","377655490","2460000","1496534050","11373204630"
"한양여자대학교","전문대학","사립","서울","14914463183","14600547600","32404600","281510983","5778055318","2042157500","1892816860","268612820","12716540","1561751598","20692518501"
"한영대학교","전문대학","사립","전남","2964069539","2962069539","","2000000","849250520","52931000","60227800","25363420","","710728300","3813320059"
"혜전대학교","전문대학","사립","충남","7200795870","6983428890","39206680","178160300","2460355670","352396100","1146508010","362591900","27121580","571738080","9661151540"
"호산대학교","전문대학","사립","경북","5234473970","5206659470","","27814500","2010343080","275717850","6291590","24154790","6567400","1697611450","7244817050"
